links,product_category
https://www.valentino.com/en-ca/women/new-arrivals,WOMAN
https://www.valentino.com/en-ca/men/new-arrivals,MAN
https://www.valentino.com/en-ca/experience/unboxing-valentino-spring-summer-2023,UNBOXING VALENTINO WOMEN
https://www.valentino.com/en-ca/experience/unboxing-valentino-spring-summer-2023-man,UNBOXING VALENTINO MEN
https://www.valentino.com/en-ca/experience/toile-iconographe,VALENTINO TOILE ICONOGRAPHE
https://www.valentino.com/en-ca/experience/maison-valentino-essentials-unboxing,MAISON VALENTINO ESSENTIALS
https://www.valentino.com/en-ca/experience/unboxing-valentino-spring-summer-2023,UNBOXING VALENTINO WOMEN
https://www.valentino.com/en-ca/experience/unboxing-valentino-spring-summer-2023-man,UNBOXING VALENTINO MEN
https://www.valentino.com/en-ca/experience/toile-iconographe,VALENTINO TOILE ICONOGRAPHE
https://www.valentino.com/en-ca/experience/maison-valentino-essentials-unboxing,MAISON VALENTINO ESSENTIALS
https://www.valentino.com/en-ca/women/gifts-for-her,GIFTS FOR HER
https://www.valentino.com/en-ca/men/gifts-for-him,GIFTS FOR HIM
https://www.valentino.com/en-ca/women/bags/valentino-garavani-loco,Locò
https://www.valentino.com/en-ca/women/bags/valentino-garavani-roman-stud,Roman Stud
https://www.valentino.com/en-ca/women/bags/valentino-garavani-one-stud,One Stud
https://www.valentino.com/en-ca/women/bags/valentino-garavani-toile-iconographe,Toile Iconographe
https://www.valentino.com/en-ca/women/bags/valentino-garavani-rockstud,Rockstud
https://www.valentino.com/en-ca/women/bags/valentino-garavani-rockstud-spike,Rockstud Spike
https://www.valentino.com/en-ca/women/bags/valentino-garavani-vsling,VSLING
https://www.valentino.com/en-ca/women/bags/shoulder-bags,Shoulder Bags
https://www.valentino.com/en-ca/women/bags/top-handle-bags,Top Handle Bags
https://www.valentino.com/en-ca/women/bags/totes,Totes
https://www.valentino.com/en-ca/women/mini-bags,Mini Bags
https://www.valentino.com/en-ca/women/bags/clutches,Clutches
https://www.valentino.com/en-ca/women/bags/shoulder-bags,Shoulder Bags
https://www.valentino.com/en-ca/women/bags/top-handle-bags,Top Handle Bags
https://www.valentino.com/en-ca/women/bags/totes,Totes
https://www.valentino.com/en-ca/women/mini-bags,Mini Bags
https://www.valentino.com/en-ca/women/bags/clutches,Clutches
https://www.valentino.com/en-ca/women/bags/valentino-garavani-loco,Locò
https://www.valentino.com/en-ca/women/bags/valentino-garavani-roman-stud,Roman Stud
https://www.valentino.com/en-ca/women/bags/valentino-garavani-one-stud,One Stud
https://www.valentino.com/en-ca/women/bags/valentino-garavani-toile-iconographe,Toile Iconographe
https://www.valentino.com/en-ca/women/bags/valentino-garavani-rockstud,Rockstud
https://www.valentino.com/en-ca/women/bags/valentino-garavani-rockstud-spike,Rockstud Spike
https://www.valentino.com/en-ca/women/bags/valentino-garavani-vsling,VSLING
https://www.valentino.com/en-ca/women/bags/shoulder-bags,Shoulder Bags
https://www.valentino.com/en-ca/women/bags/top-handle-bags,Top Handle Bags
https://www.valentino.com/en-ca/women/bags/totes,Totes
https://www.valentino.com/en-ca/women/mini-bags,Mini Bags
https://www.valentino.com/en-ca/women/bags/clutches,Clutches
https://www.valentino.com/en-ca/women/bags/shoulder-bags,Shoulder Bags
https://www.valentino.com/en-ca/women/bags/top-handle-bags,Top Handle Bags
https://www.valentino.com/en-ca/women/bags/totes,Totes
https://www.valentino.com/en-ca/women/mini-bags,Mini Bags
https://www.valentino.com/en-ca/women/bags/clutches,Clutches
https://www.valentino.com/en-ca/experience/unboxing-valentino-spring-summer-2023,Unboxing Valentino 
https://www.valentino.com/en-ca/experience/toile-iconographe,Valentino Toile Iconographe
https://www.valentino.com/en-ca/experience/valentino-pink-pp-fall-winter-2022-collection,Valentino Pink PP Collection
https://www.valentino.com/en-ca/women/ready-to-wear/dresses,Dresses
https://www.valentino.com/en-ca/women/ready-to-wear/shirts-and-tops,Shirts and Tops
https://www.valentino.com/en-ca/women/ready-to-wear/coats-and-outerwear,Coats And Outerwear
https://www.valentino.com/en-ca/women/ready-to-wear/jackets-and-blazers,Jackets and Blazers
https://www.valentino.com/en-ca/women/ready-to-wear/knitwear,Knitwear
https://www.valentino.com/en-ca/women/ready-to-wear/t-shirts-sweatshirts,T-shirts and Sweatshirts
https://www.valentino.com/en-ca/women/ready-to-wear/denim,Denim
https://www.valentino.com/en-ca/women/ready-to-wear/skirts,Skirts
https://www.valentino.com/en-ca/women/ready-to-wear/pants-and-shorts,Pants And Shorts
https://www.valentino.com/en-ca/women/bags/shoulder-bags,Shoulder Bags
https://www.valentino.com/en-ca/women/bags/top-handle-bags,Top Handle Bags
https://www.valentino.com/en-ca/women/bags/totes,Totes
https://www.valentino.com/en-ca/women/mini-bags,Mini Bags
https://www.valentino.com/en-ca/women/bags/clutches,Clutches
https://www.valentino.com/en-ca/women/shoes/pumps,Pumps
https://www.valentino.com/en-ca/women/shoes/sandals,Sandals
https://www.valentino.com/en-ca/women/shoes/ballerinas,Ballerinas
https://www.valentino.com/en-ca/women/shoes/loafers-and-oxfords,Loafers & Oxfords
https://www.valentino.com/en-ca/women/shoes/slides-and-thongs,Slides & thongs
https://www.valentino.com/en-ca/women/shoes/espadrilles-and-wedges,Espadrilles And Wedges
https://www.valentino.com/en-ca/women/shoes/boots-booties,Boots
https://www.valentino.com/en-ca/women/shoes/sneakers,Sneakers
https://www.valentino.com/en-ca/women/accessories/belts,Belts
https://www.valentino.com/en-ca/women/accessories/jewelry,Jewelry
https://www.valentino.com/en-ca/women/accessories/wallets-and-card-holders,WALLETS AND SMALL LEATHER GOODS
https://www.valentino.com/en-ca/women/accessories/hats-and-gloves,Hats And Gloves
https://www.valentino.com/en-ca/women/accessories/soft-accessories,Soft Accessories
https://www.valentino.com/en-ca/unisex/valentino-pet-accessories,Pet Accessories
https://www.valentino.com/en-ca/women/fragrances,FRAGRANCES
https://www.valentino.com/en-ca/women/fragrances,FRAGRANCES
https://www.valentino.com/en-ca/experience/valentino-garavani-rockstud-shoes,Rockstud Shoes
https://www.valentino.com/en-ca/experience/valentino-garavani-rockstud-bags,Rockstud
https://www.valentino.com/en-ca/experience/valentino-garavani-loco-bag,Locò bag
https://www.valentino.com/en-ca/experience/valentino-garavani-tan-go,TAN-GO
https://www.valentino.com/en-ca/experience/valentino-garavani-one-stud-bag,One Stud
https://www.valentino.com/en-ca/experience/valentino-garavani-roman-stud,Roman Stud
https://www.valentino.com/en-ca/experience/vlogo-signature,VLogo Signature
https://www.valentino.com/en-ca/experience/valentino-garavani-rockstud-spike-bags,Rockstud Spike
https://www.valentino.com/en-ca/experience/valentino-garavani-open-sneakers-woman,Open Sneakers
https://www.valentino.com/en-ca/experience/unboxing-valentino-spring-summer-2023,Unboxing Valentino 
https://www.valentino.com/en-ca/experience/toile-iconographe,Valentino Toile Iconographe
https://www.valentino.com/en-ca/experience/valentino-pink-pp-fall-winter-2022-collection,Valentino Pink PP Collection
https://www.valentino.com/en-ca/women/ready-to-wear/dresses,Dresses
https://www.valentino.com/en-ca/women/ready-to-wear/shirts-and-tops,Shirts and Tops
https://www.valentino.com/en-ca/women/ready-to-wear/coats-and-outerwear,Coats And Outerwear
https://www.valentino.com/en-ca/women/ready-to-wear/jackets-and-blazers,Jackets and Blazers
https://www.valentino.com/en-ca/women/ready-to-wear/knitwear,Knitwear
https://www.valentino.com/en-ca/women/ready-to-wear/t-shirts-sweatshirts,T-shirts and Sweatshirts
https://www.valentino.com/en-ca/women/ready-to-wear/denim,Denim
https://www.valentino.com/en-ca/women/ready-to-wear/skirts,Skirts
https://www.valentino.com/en-ca/women/ready-to-wear/pants-and-shorts,Pants And Shorts
https://www.valentino.com/en-ca/women/bags/shoulder-bags,Shoulder Bags
https://www.valentino.com/en-ca/women/bags/top-handle-bags,Top Handle Bags
https://www.valentino.com/en-ca/women/bags/totes,Totes
